{"Epoch": 3, "source_train-Loss": 0.31336266146256375, "source_train-Acc": 0.9743088942307693, "Cost": 0.3968648910522461, "_timestamp": 1693468982.7951384, "_runtime": 22.222567319869995, "_step": 11, "source_val-Loss": 0.29326496341011743, "source_val-Acc": 0.9801136363636364, "target_val-Loss": 0.6830613182650672, "target_val-Acc": 0.8044704861111112, "_wandb": {"runtime": 19}}